{"loss":{"0":0.0063178116,"1":0.0002364152,"2":0.0002173214,"3":0.0002123843,"4":0.0002117821,"5":0.0002089162,"6":0.0002071668,"7":0.0002068966},"accuracy":{"0":0.0466969535,"1":0.0509731993,"2":0.0530071259,"3":0.0552411117,"4":0.0560830235,"5":0.0599924996,"6":0.0603926145,"7":0.0590005405},"mean_absolute_error":{"0":0.0268278774,"1":0.0080421353,"2":0.007565083,"3":0.0074078953,"4":0.0073923711,"5":0.0073118946,"6":0.0072154691,"7":0.0072082654},"val_loss":{"0":0.0001465501,"1":0.0001135435,"2":0.0001112198,"3":0.0001313244,"4":0.0001214998,"5":0.0001136029,"6":0.0001188932,"7":0.0001259953},"val_accuracy":{"0":0.0428499915,"1":0.0492240936,"2":0.0812948421,"3":0.0354079753,"4":0.0455865189,"5":0.0351409987,"6":0.0419489406,"7":0.0431169681},"val_mean_absolute_error":{"0":0.0079377964,"1":0.0062690428,"2":0.0061396295,"3":0.007544063,"4":0.0067301947,"5":0.0062727984,"6":0.0065587549,"7":0.0072053205}}